protected_attribute,demographic_parity_difference,equalized_odds_difference,accuracy_difference,bias_severity
gender,0.27233224492178865,0.2669879518072289,0.11834911738581055,Severe
race,0.23845534863861795,0.27377824487651076,0.15686274509803927,Severe
education,0.22266737891737887,0.2663476874003189,0.1942195231668915,Severe
